{
  "circuit_file": "data/circuits/d5_r5_p0_003.stim",
  "circuit_sha256": "e3f3e63d543db678387d8e5de782eaf18cf8844f456f550035dedc56e9e1d06e",
  "stim_version": "1.15.0",
  "seed": 4572637508322774953,
  "master_seed": 20240601,
  "distance": 5,
  "rounds": 5,
  "error_prob": 0.003,
  "num_shots": 150000,
  "num_detectors": 120,
  "num_observables": 1,
  "mwpm_errors": 546,
  "mwpm_ler": 0.00364,
  "positive_count": 23265,
  "positive_rate": 0.1551,
  "target_errors": 400,
  "shot_cap": 1000000,
  "target_met": true,
  "fired_count_stats": {
    "mean": 5.217046666666667,
    "median": 5.0,
    "std": 3.3925237524821483,
    "p99": 15.0,
    "p99_9": 18.0,
    "max": 25,
    "min": 0,
    "zero_count": 11373
  },
  "fired_count_buckets": {
    "0_fired": {
      "total": 11373,
      "positive": 0,
      "positive_rate": 0.0
    },
    "1_to_3_fired": {
      "total": 38283,
      "positive": 4729,
      "positive_rate": 0.12352741425698091
    },
    "4_to_10_fired": {
      "total": 89319,
      "positive": 15563,
      "positive_rate": 0.1742406430882567
    },
    "11_to_30_fired": {
      "total": 11025,
      "positive": 2973,
      "positive_rate": 0.2696598639455782
    },
    "31_plus_fired": {
      "total": 0,
      "positive": 0,
      "positive_rate": 0.0
    }
  },
  "n_max_p99_9": 18.0,
  "generation_command": "uv run python scripts/generate_eval_sets.py"
}