{
  "circuit_file": "data/circuits/d5_r5_p0_01.stim",
  "circuit_sha256": "0466daf4b1210cb4e9616d08539f949eecf84dcb83436472347f6d7073ed1716",
  "stim_version": "1.15.0",
  "seed": 6776356879867524056,
  "master_seed": 20240601,
  "distance": 5,
  "rounds": 5,
  "error_prob": 0.01,
  "num_shots": 50000,
  "num_detectors": 120,
  "num_observables": 1,
  "mwpm_errors": 4721,
  "mwpm_ler": 0.09442,
  "positive_count": 17652,
  "positive_rate": 0.35304,
  "target_errors": 400,
  "shot_cap": 1000000,
  "target_met": true,
  "fired_count_stats": {
    "mean": 15.72006,
    "median": 15.0,
    "std": 5.284529647603464,
    "p99": 29.0,
    "p99_9": 33.0,
    "max": 42,
    "min": 0,
    "zero_count": 9
  },
  "fired_count_buckets": {
    "0_fired": {
      "total": 9,
      "positive": 0,
      "positive_rate": 0.0
    },
    "1_to_3_fired": {
      "total": 182,
      "positive": 40,
      "positive_rate": 0.21978021978021978
    },
    "4_to_10_fired": {
      "total": 8069,
      "positive": 2192,
      "positive_rate": 0.2716569587309456
    },
    "11_to_30_fired": {
      "total": 41510,
      "positive": 15316,
      "positive_rate": 0.3689713322091062
    },
    "31_plus_fired": {
      "total": 230,
      "positive": 104,
      "positive_rate": 0.45217391304347826
    }
  },
  "n_max_p99_9": 33.0,
  "generation_command": "uv run python scripts/generate_eval_sets.py"
}